genero,archivo,ax_mean,ax_std,ax_min,ax_max,ax_rms,ax_energy,ay_mean,ay_std,ay_min,ay_max,ay_rms,ay_energy,az_mean,az_std,az_min,az_max,az_rms,az_energy,magnitud_mean,magnitud_std,magnitud_min,magnitud_max,magnitud_rms,magnitud_energy
salsa,salsa_segmento_001.csv,-7.27254861111111,9.492204665042449,-23.8391,7.7596,11.957922591488364,142.99191270402778,0.21697222222222223,3.0117883404319317,-9.0549,7.094,3.0195936734563773,9.117945952777779,-11.172373611111112,8.395159625111912,-23.7792,6.7828,13.975000437830445,195.30063723736112,15.998935069609015,9.56266555582707,1.9589980959664048,33.71047228888969,18.638951040607587,347.4104958941667
salsa,salsa_segmento_002.csv,-6.336536619718309,8.623003857766351,-22.4073,7.7596,10.70083603575368,114.50789186408451,-0.2107943661971831,2.5922027986374903,-6.4212,7.094,2.6007594302596515,6.763949614084508,-11.735260563380283,8.69022430421676,-25.9388,6.7828,14.602614113508176,213.2363389480282,15.701240372967888,9.379724472311564,1.9589980959664048,32.827040204380296,18.2895647959758,334.50818042619727
salsa,salsa_segmento_003.csv,-5.78580985915493,8.46078014255228,-19.9054,7.0102,10.249897382262,105.0603963469014,-0.2026690140845071,2.3472934374668806,-5.7964,4.6567,2.3560265726101375,5.5508612108450714,-12.454299999999998,8.64386569242792,-25.9388,4.561,15.160013278316494,229.82600259873243,15.876863595159882,9.400130985106843,1.9883501955138587,31.93644416149049,18.450941985613603,340.4372601564789
salsa,salsa_segmento_004.csv,-4.721333802816902,8.935393090637339,-20.1783,9.3254,10.106049800086629,102.13224256183098,-0.13488732394366196,2.6316531747350065,-5.7964,4.6567,2.635107781904475,6.943793022253522,-11.546763380281691,8.331075952056894,-25.9244,3.2896,14.238489072902185,202.73457107915493,15.187175472073429,9.008901589188923,1.9883501955138587,31.189320219107053,17.658159775674232,311.81060666323947
salsa,salsa_segmento_005.csv,-6.28275352112676,9.337421723303796,-23.4057,9.3254,11.254351880319733,126.66043624605632,-0.8170605633802814,2.664687123059078,-6.4643,4.446,2.787139291106236,7.768145428028172,-12.373540845070423,9.181670865287675,-25.7544,5.0087,15.408036634272989,237.40759292309852,16.55867345496617,9.881624765643647,2.14655005299201,33.06212242990458,19.283054078573315,371.836174597183
salsa,salsa_segmento_006.csv,-6.071794366197183,9.003777909908383,-23.4057,6.0358,10.85977455918575,117.93470347633806,0.045625352112676064,3.0460935864919074,-6.4643,5.2768,3.046435262798561,9.280767810422537,-11.862700000000002,9.210789341348777,-25.7544,5.0087,15.018731357232015,225.56229158070423,15.95397983991786,9.912027549142469,2.14655005299201,33.06212242990458,18.78237905238484,352.77776286746484
salsa,salsa_segmento_007.csv,-5.757752112676056,9.274449963582885,-21.1887,8.3773,10.916369887376854,119.16713151802817,0.590625352112676,2.7931190675072846,-5.8802,5.2768,2.854882209799729,8.150352431830983,-10.590161971830984,7.453494483653263,-21.7848,3.9552,12.950139404943283,167.70611060746475,15.014461473282035,8.342034597426066,2.5443346694175277,29.903405144397855,17.176250887703173,295.023594557324
salsa,salsa_segmento_008.csv,-5.493065277777777,9.476542540372455,-21.1887,8.7245,10.953475460574905,119.97862466541665,1.368286111111111,3.035335993313936,-5.2577,7.2712,3.329485166533509,11.085471474166667,-11.153290277777778,7.778358309404935,-25.2277,6.7133,13.597747681504504,184.8987420098611,15.712619153429197,8.311223585533872,2.775976811862808,32.7451881184091,17.775343545187656,315.96283814944445
salsa,salsa_segmento_009.csv,-4.588877464788732,9.027392701890179,-21.8303,11.1857,10.126777146801736,102.55161538098591,1.9404464788732396,4.064334172029192,-5.2577,9.6702,4.5037922686660155,20.28414479929577,-10.27244084507042,7.566793643366351,-25.2277,6.7133,12.758503319620235,162.77940695676057,14.831453260591772,8.102046736221899,2.775976811862808,32.7451881184091,16.900152873185565,285.6151671370423
salsa,salsa_segmento_010.csv,-5.091559154929578,9.792412307288604,-24.0522,11.7843,11.036997482290394,121.81531342408451,1.4675408450704226,5.031012405565245,-8.9663,11.3318,5.240683348276388,27.46476195690141,-12.13353661971831,7.644488297952469,-23.3961,8.3151,14.340882547443776,205.66091223957747,17.236015151876348,7.6066266705322425,3.6816836162277715,31.398502235138544,18.839877590381615,354.9409876205634
salsa,salsa_segmento_011.csv,-4.802636619718308,8.82695398691472,-24.0522,11.7843,10.048902188207874,100.98043518816901,0.47843380281690134,4.27551294713405,-8.9663,11.3318,4.302198259586455,18.508909864788727,-11.588842253521127,8.414523921602974,-23.5566,8.3151,14.32150402730891,205.1054776042253,15.904075914380531,8.464938981871292,1.4696747021024754,31.398502235138544,18.016515275079783,324.5948226571831
salsa,salsa_segmento_012.csv,-8.134554929577465,8.084865065408078,-23.7026,5.9616,11.468915686679756,131.53602702816897,-0.33286056338028175,2.5420300409611563,-5.9616,6.0478,2.5637302673648836,6.572712883802818,-11.359035211267607,7.999883182124186,-23.5566,5.0661,13.89337294750453,193.02581185845068,15.637854426920974,9.30548551623453,1.4696747021024754,30.953616324429685,18.197102840024357,331.13455177042255
salsa,salsa_segmento_013.csv,-7.983114084507041,9.035904306651137,-23.7026,5.2936,12.057266569385087,145.37767712521122,0.3589985915492957,3.3821710115971597,-5.9616,6.687,3.4011704956415425,11.567960740422535,-10.51151971830986,7.803307481665322,-22.958,5.0661,13.091358006021794,171.38365444183094,15.490081552765496,9.401418286415035,0.8977468072903406,30.953616324429685,18.119859058708617,328.3292923074647
salsa,salsa_segmento_014.csv,-6.510105633802817,9.129993253964269,-22.3714,9.1746,11.213306924395862,125.73825218070421,-0.14469718309859156,3.5353557209301005,-6.1148,6.687,3.5383156089175904,12.519677348309859,-10.378159154929577,7.5918347727345,-24.5669,5.0015,12.858543566887711,165.34214266154933,14.978267839575297,8.902334790183287,0.8977468072903406,30.49460457015306,17.424123283269186,303.60007219056337
salsa,salsa_segmento_015.csv,-7.0201972222222215,8.932999158814534,-22.1176,9.1746,11.36141025622602,129.0816430102778,-1.0265513888888889,2.920381362082369,-6.857,4.1563,3.0955508482381253,9.582435054027778,-12.714209722222224,7.669544766226708,-24.5669,2.8539,14.848334781442853,220.47304578180558,17.018680422294818,8.336764392131416,3.8924250654315746,30.869958550020762,18.950913535925153,359.13712384611114
salsa,salsa_segmento_016.csv,-5.841043661971831,8.97339315717104,-24.9811,7.9655,10.706987242647921,114.63957581422534,0.07782535211267604,3.349532572843615,-6.857,6.5601,3.3504365748319773,11.225425241971832,-10.808069014084504,7.617861303349387,-24.0114,2.8539,13.222940922891613,174.8461666502817,15.096156166955732,8.533301628875156,2.689815346822157,32.43667091888439,17.341025566744282,300.7111677064789
salsa,salsa_segmento_017.csv,-7.221756338028168,9.337124142733995,-24.9811,6.529,11.804052349200933,139.33565186267606,0.9250028169014085,3.2705876098638424,-6.517,6.5601,3.3988782745297637,11.552373525070422,-11.078145070422535,7.159521329636358,-22.6108,2.7557,13.190301128891829,173.98404387084506,15.790529688520062,8.69087115394988,2.689815346822157,32.43667091888439,18.024207867714782,324.8720692585915
salsa,salsa_segmento_018.csv,-6.484812676056338,9.49821724689828,-22.7952,6.9097,11.500822853727334,132.26892631281694,0.38783098591549287,2.750543714270016,-5.861,5.1882,2.7777515363593053,7.715903597746481,-11.387835211267605,7.777930793300997,-23.614,2.6647,13.790540171594666,190.1789982243662,15.765081711941779,9.034712322521864,2.578258871797012,32.49852397525156,18.170410786081025,330.1638281349296
salsa,salsa_segmento_019.csv,-6.109799999999999,8.741648412764858,-22.2996,6.9097,10.665180402243292,113.74607301239439,0.7477380281690141,2.5868622621240864,-4.7333,5.7365,2.692762247576238,7.250968521971831,-10.650522535211266,7.976773979642965,-23.614,2.6647,13.30648538853713,177.06255339535213,14.570719708148193,9.260330561934605,2.052356333583425,32.49852397525156,17.264402536135396,298.0595949297183
salsa,salsa_segmento_020.csv,-6.276246478873238,8.093623276396924,-20.1855,8.2744,10.241972837486086,104.89800760380281,1.8485253521126763,2.923480664450102,-5.2768,6.4979,3.4588705053553106,11.963785172816902,-12.152664788732396,7.62359711125107,-23.772,1.7621,14.345957422980586,205.8064943819718,15.811381230823926,8.524582730676057,2.052356333583425,30.463035536695948,17.96296988692548,322.6682871585916
salsa,salsa_segmento_021.csv,-5.121297183098592,8.784805765141291,-19.7593,11.2647,10.168603501409288,103.40049716887324,0.7832070422535212,4.132184249444699,-9.3541,7.7907,4.2057531956112655,17.68835994239437,-10.624926760563383,7.463054162630357,-23.772,1.7621,12.984076636468615,168.58624610169014,15.153870483087587,7.748245775320015,3.2486044711537287,30.16632641903883,17.019844394498964,289.67510321295777
salsa,salsa_segmento_022.csv,-7.156898611111111,9.512176612542081,-21.7034,11.2647,11.903894389564982,141.70270163791668,0.8941305555555554,4.406742220691144,-9.3541,9.0381,4.4965371620837296,20.21884645,-10.451820833333333,6.056421070785064,-19.5463,0.5459,12.079767999376063,145.92079491874998,16.037639413924854,7.115930370344461,3.2486044711537287,28.232524494632074,17.545436529384688,307.8423430066666
salsa,salsa_segmento_023.csv,-6.16422676056338,8.85970994951672,-21.7034,6.517,10.793153012220815,116.49215194521126,1.9794971830985915,3.4174813668767543,-5.2936,9.0381,3.9493781777445762,15.597587990845069,-10.536883098591549,5.836840451578159,-19.5463,3.2226,12.045522483087373,145.09461189056339,14.911091764035538,7.405652856509773,1.5487379894610966,28.232524494632074,16.648854369794325,277.1843518266196
salsa,salsa_segmento_024.csv,-6.332835211267606,8.18657617615051,-21.6077,6.2824,10.350112622623287,107.12483130098592,1.481138028169014,2.8589669796144364,-3.9624,7.5178,3.2198543521429794,10.367462049014087,-9.806650704225351,6.157395856166936,-20.3651,3.2226,11.579461203537294,134.08392176422535,13.873759147898237,7.687328679088419,1.5487379894610966,29.05052719349513,15.861154280638763,251.57621511422533
salsa,salsa_segmento_025.csv,-7.16992676056338,7.883219120205348,-21.6077,6.2824,10.656124691885607,113.55299344901411,1.869433802816901,2.85286772262596,-3.9624,7.5178,3.4108117781424845,11.633636985915496,-11.17957323943662,6.408720967335932,-24.1336,1.652,12.886215978831745,166.0545622530986,15.149510587128676,7.857068261031225,2.060674426007175,32.37190633759464,17.065790127856026,291.24119268802815
salsa,salsa_segmento_026.csv,-4.3405183098591555,8.04285673705328,-20.9684,6.0142,9.139345911551107,83.52764369098593,2.236997183098592,2.89366275632044,-4.4652,6.9121,3.657518358738209,13.37744054450704,-10.16554366197183,7.042093868128304,-24.1336,1.7765,12.366461255791242,152.9293639909859,13.561168542727602,8.119677086080102,1.4803248494840584,32.37190633759464,15.806152227106976,249.83444822647883
salsa,salsa_segmento_027.csv,-5.119642253521127,8.469529455470822,-21.6987,6.0142,9.896649230983524,97.94366600112677,1.6278211267605633,2.977374461393205,-4.4652,7.0844,3.393311112185929,11.514560304084506,-9.16901408450704,6.944629744585314,-22.539,1.7765,11.502117264715553,132.2987015712676,13.093046686827963,8.38624208647843,1.4803248494840584,29.124893359118072,15.548534589358539,241.7569278764789
salsa,salsa_segmento_028.csv,-7.478301408450705,8.350066934850096,-23.7577,5.1308,11.209309067561332,125.64860977211269,2.3061183098591544,3.22653649635965,-4.3694,8.5018,3.9659449594527216,15.72871942140845,-10.539715492957745,6.83273535238088,-20.6452,1.4054,12.560727489607,157.77187506816898,14.83408912282499,8.893762092487941,1.8497774298547378,31.336922635606708,17.295930280319997,299.1492042616901
merengue,merengue_segmento_001.csv,-6.276624999999999,9.550847591484427,-26.9946,17.7746,11.428679324680909,130.61471110638888,5.445379166666666,4.366218127120283,-1.8052,19.8527,6.979685881353194,48.71601500236111,-8.811695833333333,8.873646889345338,-27.6818,11.4898,12.505502491942186,156.38759257597223,17.347758069582078,5.896915180327099,8.446652965524272,38.42327619672742,18.32261768101715,335.71831868472225
merengue,merengue_segmento_002.csv,-7.097961971830985,8.410474297780373,-26.693,4.5083,11.005323351323351,121.11714206718304,4.528177464788732,3.0892371137295815,-2.3631,11.1378,5.481585272297129,30.047777097464788,-10.982102816901408,5.434171717156293,-22.9508,-2.375,12.253032462722656,150.13680453253525,16.761814934289582,4.51035295800782,8.294889287989323,29.338366315287562,17.35804492727171,301.3017236971831
merengue,merengue_segmento_003.csv,-6.8371338028169015,9.317833660410704,-22.5917,10.1682,11.557180571432818,133.5684227607042,6.00985352112676,3.056695324758929,-2.3631,12.9,6.742531101433854,45.46172565380282,-7.950367605633803,4.651144727482994,-20.3723,-1.3695,9.21094416119782,84.8414923407042,15.584178326094792,4.583124115239361,7.808441084493114,25.91981684078805,16.24412634632011,263.8716407552112
merengue,merengue_segmento_004.csv,-5.203916901408451,9.614094419674615,-22.8886,10.1682,10.932134404002868,119.51156262718314,7.205269014084507,2.535616083848988,0.0551,12.9,7.63840627945385,58.345250490000005,-5.674794366197183,4.813651506426319,-22.946,1.8962,7.441406582356838,55.37453192394367,14.297264652719944,5.368386022931994,5.482927656827144,26.71924139679119,15.271913601154465,233.23134504112673
merengue,merengue_segmento_005.csv,-3.822625352112677,9.019454883573733,-24.0306,10.7117,9.79607222204066,95.96303097943662,7.695874647887324,2.6257248816289107,2.2122,12.5001,8.131476972235733,66.12091774999999,-4.378147887323944,4.742255180873727,-22.946,1.8962,6.454236060433708,41.65716312380283,13.20138371835904,5.428128570132091,5.482927656827144,26.71924139679119,14.273791082023006,203.7411118532395
merengue,merengue_segmento_006.csv,-3.0600166666666673,8.674573069497747,-24.0306,11.9638,9.19847378309757,84.61191993833333,8.081062499999998,2.4880622794677825,2.2122,14.0228,8.455413948200093,71.49402503541667,-4.113738888888889,4.497480452417391,-18.9453,2.3032,6.095094590392616,37.15017806583333,12.838017583424355,5.333050493598424,5.631758023921128,26.43285497955149,13.901659003139997,193.25612303958331
merengue,merengue_segmento_007.csv,-2.776900000000001,8.212556297335283,-22.6132,11.9638,8.669328379228775,75.15725454690141,8.047621126760566,2.611411634331106,2.715,15.1218,8.460713712436016,71.58367652380284,-4.334891549295775,4.662895625528892,-18.9453,2.3032,6.366622366587513,40.53388035873238,12.493503428040876,5.5845486409348695,5.87116567131264,26.43285497955149,13.684838743274858,187.2748114294366
merengue,merengue_segmento_008.csv,-2.5507704225352117,8.624649230530395,-22.6132,14.9781,8.99394263369347,80.89100409816902,8.022492957746481,2.774912892038435,2.715,15.1218,8.48884767300562,72.06053481549296,-4.856521126760563,5.570317622671169,-19.7857,3.2298,7.390144509555458,54.61423587211267,13.115781431711843,5.961715543477182,5.87116567131264,26.76901142029716,14.407143186134252,207.56577478577464
merengue,merengue_segmento_009.csv,-3.064509859154929,8.67428322333524,-21.7801,14.9781,9.19969619691286,84.63441011549295,7.4308563380281685,2.4303108780874045,2.7773,13.5584,7.818186290986126,61.12403688056339,-5.696047887323943,5.694968995002943,-19.7857,3.2298,8.054665318232185,64.87763338873239,13.359077390403357,5.671960125212676,6.099054256194152,26.76901142029716,14.513307010629546,210.63608038478873
merengue,merengue_segmento_010.csv,-3.841074647887323,8.03898355251876,-22.9125,9.6462,8.909495552965378,79.37911100830985,6.894830985915494,1.8221115378107267,2.7773,11.8824,7.131534531961783,50.858784780563376,-5.436529577464789,4.395006106755821,-17.6979,1.0822,6.990846338253361,48.87193252507043,12.472391332320976,4.852760324535742,6.365513343006988,24.850517796416238,13.383192007661837,179.10982831394367
merengue,merengue_segmento_011.csv,-4.194177777777778,7.897541909322556,-23.535,8.5497,8.94216391267299,79.96229544111111,7.105427777777777,1.8566214343100496,3.5937,11.1953,7.343987136124052,53.934147055555556,-4.9750499999999995,4.38167917371741,-16.5368,1.798,6.6294973326707725,43.95023488388889,12.40259203102715,4.901263948458337,6.876087306746475,26.299912388637345,13.335916818147732,177.84667738055555
merengue,merengue_segmento_012.csv,-4.892294366197182,7.690241045250322,-24.2461,8.5497,9.114513234373927,83.07435149957746,7.49020985915493,2.049660908894955,3.8164,12.1721,7.765587780434511,60.3043535756338,-4.663769014084508,4.624658526095038,-15.5815,1.9345,6.567968323592792,43.13820789971832,12.59218004318326,5.287146180595612,5.629617633552034,26.945223915566185,13.657119497717282,186.51691297492957
merengue,merengue_segmento_013.csv,-5.623639436619718,7.436631180045317,-24.2461,6.6822,9.323561756170587,86.92880382112676,7.919780281690143,2.1279481925825667,3.8259,14.0444,8.200675778285797,67.25108322056337,-4.457869014084507,4.5033869464194085,-16.9821,1.9345,6.336646600207044,40.15309013591549,12.86641328313014,5.365481004094412,5.629617633552034,26.945223915566185,13.9403363366027,194.33297717760558
merengue,merengue_segmento_014.csv,-5.394470422535211,7.3838245871576556,-19.1369,6.8283,9.144461529992958,83.62117667352113,7.981695774647885,2.0925545324098263,3.8259,14.0444,8.251439384140253,68.08625191014087,-5.074054929577465,4.163478854725133,-16.9821,-0.3496,6.563580547392762,43.080589602112674,13.048230135012002,4.952949477789905,5.9266904390224395,22.920423076810778,13.956647813345963,194.78801818577466
merengue,merengue_segmento_015.csv,-4.007249295774646,8.19125133213244,-21.3682,12.7324,9.11891689317585,83.15464530464789,7.3984253521126755,2.0204800335158333,1.9441,11.655,7.66935703019619,58.81903725661972,-5.098567605633803,3.891651249981917,-15.8879,-0.5052,6.414073672846628,41.14034108070423,12.558218159505456,5.040355176000917,5.657037885678335,23.275718112659813,13.531963037267426,183.11402364197184
merengue,merengue_segmento_016.csv,-3.531108450704225,9.144397621475505,-22.7425,12.7324,9.802486151496552,96.0887347502817,6.467549295774647,2.551134989823612,1.9441,12.7252,6.9525163523416085,48.33748362957746,-4.923421126760563,3.771838016024963,-16.2973,0.1484,6.202163945798546,38.46683761056339,12.431144698268259,5.325382378866283,5.517048462719899,23.581522061563373,13.523795916473398,182.89305599042257
merengue,merengue_segmento_017.csv,-3.161256338028169,8.801865897809577,-22.7425,12.5839,9.35234649260529,87.46638491774648,6.8720352112676055,2.5741688193376726,2.0423,12.7252,7.338338575955195,53.85121305535211,-5.795723943661973,4.623829758351342,-17.9278,0.1484,7.414190290608417,54.970217665352116,13.0403905246215,5.12211192808323,5.517048462719899,23.581522061563373,14.010275359123057,196.2878156384507
merengue,merengue_segmento_018.csv,-2.580913888888889,8.310344785254527,-18.3324,14.1162,8.701893296959383,75.72294695166666,7.852316666666667,1.7476204767721546,3.8906,11.4491,8.044442452056229,64.71305436444443,-5.403416666666667,4.58011257843201,-17.9278,-0.0958,7.083384989164589,50.17434290472223,13.004272271132239,4.636728040234241,5.835310625836469,22.730987478330107,13.806170512522048,190.61034422083333
merengue,merengue_segmento_019.csv,-2.752519718309859,8.171556212771497,-20.5494,14.1162,8.622684949490443,74.35069573816901,7.9915084507042256,1.793232227386357,3.1508,11.7005,8.190231323901303,67.0798891390141,-4.313612676056338,3.74864048276095,-13.7643,1.5969,5.714854310306447,32.659559788028176,12.48956194539067,4.254525482055605,4.556581973365562,22.949232335962787,13.19432244055038,174.0901446652113
merengue,merengue_segmento_020.csv,-2.3652394366197185,9.15149915925391,-20.5494,22.5318,9.45221108811934,89.34429445436619,7.646474647887323,2.0616095852252143,2.3918,11.7005,7.919520731879933,62.718808622676065,-4.117252112676056,3.2182173787020734,-11.4563,1.5969,5.225771527335987,27.3086880559155,12.371558604365655,5.129944330273374,4.556581973365562,26.102994122130895,13.392975439869877,179.37179113295772
merengue,merengue_segmento_021.csv,-2.492905633802817,10.21475439596212,-25.5749,22.5318,10.51455114918717,110.55578586887324,6.251998591549296,3.145543536161173,-2.0446,11.2791,6.998709204319016,48.98193052661971,-3.4749943661971834,4.14348281470346,-10.2999,9.5792,5.407775483583344,29.24403568084507,12.505510649589079,5.691568805641566,4.845842829684017,26.591311115851358,13.739787191814074,188.78175207633805
merengue,merengue_segmento_022.csv,-3.2789760563380286,9.069727921745896,-25.5749,11.9279,9.644254691397112,93.01164855253522,6.313540845070422,3.135091523006538,-2.0446,11.1091,7.049084824287476,49.68959686,-3.853042253521127,4.22292365643446,-10.2089,9.5792,5.716556552286782,32.679018815492945,12.32915436331118,4.834482072949809,5.11899480953048,26.591311115851358,13.243121392935587,175.38026422802818
merengue,merengue_segmento_023.csv,-3.3649527777777783,7.849718024906872,-21.4856,12.4834,8.540549178315304,72.94098026722223,7.618851388888889,2.1059899840160328,3.3926,11.5927,7.904561360300141,62.48209029875001,-4.290343055555557,2.878872466677921,-11.4706,1.5443,5.166715611851498,26.69495021375,12.008691281246975,4.231944528396508,5.7578983023321975,23.50159302366544,12.73255751134556,162.11802077972223
merengue,merengue_segmento_024.csv,-3.1933253521126757,8.80462007563408,-23.116,14.6932,9.365824121811396,87.71866148070423,7.630459154929576,2.110734936994026,3.0789,11.5927,7.917013887148094,62.67910888929578,-3.5195816901408445,2.838497690249558,-11.4706,1.98,4.521562164907916,20.44452441112676,12.193443899704684,4.707676777974603,4.422078640187214,25.7625260442372,13.070665429928454,170.84229478112675
merengue,merengue_segmento_025.csv,-3.6719943661971834,9.673261514555593,-24.4663,14.6932,10.346764274610985,107.05553095436619,7.490009859154928,2.0881687867640086,2.3415,10.9559,7.775647662558632,60.460696572253525,-3.837205633802817,2.880144004365711,-10.8098,1.98,4.797851244252142,23.01937656197183,12.647659055300105,5.52922458482895,4.422078640187214,27.782005886364647,13.803463481626324,190.53560408859153
merengue,merengue_segmento_026.csv,-4.12952676056338,9.847229532765752,-24.4663,12.9957,10.67805791036849,114.0209207371831,7.354957746478871,2.1366538995975333,2.3415,12.1123,7.659026918555315,58.66069333915493,-4.595759154929579,3.1548175387330843,-13.0005,0.7111,5.574394667837657,31.0738759128169,13.058278907284723,5.765140238425936,4.780377467313643,27.782005886364647,14.274294728257328,203.7554899891549
merengue,merengue_segmento_027.csv,-3.7374183098591547,9.468935685530186,-22.6468,11.5017,10.179834902373292,103.62903863957746,7.2317352112676065,2.1759274170461484,2.8108,12.4163,7.551996708827463,57.03265429014084,-4.137414084507042,3.191363135233656,-13.0005,0.8715,5.225226690547084,27.30299396760563,12.70415086060636,5.154535653992376,5.6764847194368455,24.50616732212526,13.710021403970309,187.964686897324
merengue,merengue_segmento_028.csv,-3.3943472222222217,8.790442144532957,-23.365,11.5017,9.42302850263061,88.79346616138888,7.363836111111112,2.233578947147477,3.0885,12.4163,7.695125547022897,59.214957184444444,-3.692656944444445,3.2178296917257407,-12.2128,2.6169,4.897973380318186,23.990143234305556,12.176661515906734,4.871086214303213,5.6764847194368455,25.803723723524865,13.114822399870267,171.99856658013888
electronica,electronica_segmento_001.csv,-1.2148597222222222,0.09594857803897155,-1.8387,-1.008,1.218642800128715,1.4850902743055556,0.029965277777777775,0.05540300623542769,-0.1628,0.1867,0.06298738740591026,0.003967410972222222,9.922233333333331,0.05332813516334501,9.7276,10.0533,9.922376641264487,98.4535582111111,9.996964603054797,0.057572751005377336,9.802737995070562,10.185533849042965,9.997130383084382,99.94261589638889
electronica,electronica_segmento_002.csv,-0.9629718309859154,1.1971424341561079,-4.7094,2.6983,1.536380406972693,2.360464754929578,-0.015883098591549308,1.9007383748358158,-4.6064,6.0908,1.9008047354724174,3.6130586423943662,9.835074647887323,1.6984055262956594,4.3886,13.5895,9.980645002266517,99.6132746612676,10.173496423429004,1.4445651875456627,5.651820408505564,14.207399816292916,10.27554368676381,105.58679805859157
electronica,electronica_segmento_003.csv,-1.689661971830986,3.4723352593525,-10.2041,5.8754,3.8616149124937835,14.91206973239437,3.021111267605634,5.2655678692070005,-4.6064,15.0021,6.070693393384225,36.85331827647888,8.448463380281687,3.296084548571995,-0.261,13.5895,9.068666210600972,82.24070683929578,10.905663212046464,3.882345264603011,2.9024041017749407,19.02902560353525,11.576100157141395,134.00609484816903
electronica,electronica_segmento_004.csv,-4.394091666666666,6.620353357633605,-14.9662,9.651,7.945886996113146,63.137120155,6.582133333333333,5.298760920750981,-2.4373,15.0021,8.449931746058992,71.40134651305556,6.401830555555555,3.823514771255736,-4.1659,13.4363,7.456721777567911,55.60269966805556,12.645277931612998,5.498919200022164,1.4055053326117266,21.238499615556652,13.789168442517159,190.1411663361111
electronica,electronica_segmento_005.csv,-5.276284507042254,8.038458057971066,-16.678,9.651,9.615403587422323,92.45598614901408,6.895504225352111,4.794760855010676,-1.7837,15.263,8.398673120117936,70.53771017859155,4.477291549295775,3.7402012250132426,-5.5138,12.888,5.833973330500056,34.035244820985916,12.731720413098119,5.910349944909544,1.4055053326117266,21.67265734929614,14.036699795485815,197.0289411485915
electronica,electronica_segmento_006.csv,-4.263167605633803,8.28923808618826,-19.2374,11.3605,9.321269553190673,86.88606608323944,6.601552112676056,4.180190827703523,-1.3599,15.263,7.813736983824985,61.05448565239436,2.5777774647887326,3.0667908159488055,-5.5138,10.2256,4.0062629178276055,16.05014256676056,11.376341381421835,5.879587662051104,1.8813208896942595,22.79690330132582,12.805885143261062,163.99069430239436
electronica,electronica_segmento_007.csv,-4.427963380281691,8.718316418270303,-19.2374,11.3605,9.778338348932154,95.6159008661972,5.095605633802818,4.142937536317367,-1.5131,12.73,6.567277076922401,43.12912820507043,3.3081450704225346,4.485340016718274,-10.6614,14.619,5.573338216234074,31.062098872535213,11.443935453959797,6.232452909521641,1.3686712863211532,23.571284723154143,13.031006405638928,169.80712794380278
electronica,electronica_segmento_008.csv,-4.118194366197184,8.748582848601338,-19.1321,12.5049,9.66939639773961,93.49722669661972,4.588780281690142,3.739579445196362,-1.5131,12.5863,5.919574216154687,35.04135890056338,4.833995774647888,5.923420897445326,-10.6614,16.168,7.64554970408313,58.45443027760564,12.035058882334424,6.492331905681657,1.3686712863211532,24.00334051460338,13.674538963884258,186.99301587478877
electronica,electronica_segmento_009.csv,-1.602748611111111,7.794714335012061,-17.662,13.5871,7.957787046337763,63.3263746748611,5.121769444444444,4.846527989523327,-3.7062,16.508,7.051337163636255,49.72135579527779,-0.7072166666666667,9.798058933547898,-22.563,16.168,9.823548965566816,96.50211427888888,12.721194006554207,6.90804370257145,2.7808940630667687,26.946433546760876,14.475836582008924,209.54984474902778
electronica,electronica_segmento_010.csv,-0.8203,7.15652584218482,-15.3732,13.5871,7.203384914042783,51.88875421985915,5.359104225352113,5.645059389536181,-3.7062,16.508,7.783745474357282,60.586693609577466,-6.175957746478874,8.606898587673514,-22.563,12.8569,10.593448795590072,112.22115738478874,13.077093611699908,7.3270886363591154,1.992232069815161,29.1191637421132,14.989883428973867,224.69660521422534
electronica,electronica_segmento_011.csv,-2.258170422535211,7.388300657851935,-15.3732,12.4331,7.725692219343726,59.68632026802819,5.9594070422535195,4.956177291453223,-1.6376,15.2846,7.751014490992613,60.078225639577475,-5.729760563380283,7.884259733583982,-22.0698,12.8569,9.746368947473806,94.99170766028166,12.91121302217663,6.93230350344414,1.992232069815161,29.1191637421132,14.65456425718238,214.75625356788737
electronica,electronica_segmento_012.csv,-1.6816084507042255,7.1815146267745265,-14.1282,11.5975,7.375768388178708,54.40195931605633,5.946864788732394,4.612080283773412,-1.9561,15.1314,7.525721583970312,56.63648535943662,-5.635781690140845,8.193252198175287,-23.4081,10.7476,9.944416365067935,98.89141684183097,13.040725978814036,6.314216298386413,2.2729228165514113,28.534210858721853,14.488956536525464,209.92986151732399
electronica,electronica_segmento_013.csv,-0.5953450704225353,6.652846934129371,-14.1282,12.4259,6.679431718479574,44.61480808183099,6.382036619718312,4.2264711270698125,-1.9561,15.1314,7.654635824347248,58.59344960338027,-6.072301408450705,8.11948110604406,-23.4081,10.7476,10.13897518620491,102.79881782647888,13.10962062212829,5.843365695860457,3.518355169678013,28.534210858721853,14.352946579420204,206.00707551169015
electronica,electronica_segmento_014.csv,-1.2009746478873238,6.3525035338903715,-10.4986,12.4259,6.465032192724005,41.79664125295775,6.453897183098592,4.001604450329077,-1.6352,13.0245,7.593788713606759,57.665627026901404,-5.839794366197183,7.770019939972735,-19.8479,10.7212,9.71989753583042,94.47640810704225,12.716975633274135,5.676020360218355,3.518355169678013,23.770760756231592,13.926186713774213,193.93867638690142
electronica,electronica_segmento_015.csv,-2.942742253521126,6.460824619580322,-12.6127,10.0197,7.099435663180123,50.40198673563379,6.281580281690141,4.480260860131077,-1.6352,14.2647,7.715632716125155,59.53098821014084,-4.654561971830985,6.923897975858913,-17.832,12.4498,8.34297970330255,69.6053103297183,11.985904750580703,5.989688855483215,2.321370922536939,25.030583808413258,13.399189724587561,179.5382852754929
electronica,electronica_segmento_016.csv,-3.9662986111111107,7.282036034873249,-14.9494,12.1194,8.292139258701246,68.75957348569445,6.367280555555555,4.722144979115803,-1.5131,15.1553,7.927226177985869,62.84091487694444,-3.786890277777778,5.490676341514458,-16.2471,12.4498,6.669937380755118,44.48806466319444,11.647692868472587,6.357657105220929,2.321370922536939,25.030583808413258,13.26983620945765,176.08855302583333
electronica,electronica_segmento_017.csv,-3.9769098591549294,8.123069227565297,-18.1696,12.2368,9.044338875985462,81.80006570366196,6.360145070422536,4.5310612788414755,-1.5131,15.1553,7.809094802180123,60.98196162943661,-3.59548309859155,5.20425878885788,-14.2766,8.1044,6.325488775870365,40.011808253661975,11.765317183372915,6.661167102046806,0.5421360161435504,26.00443174018613,13.52012705512639,182.7938355867606
electronica,electronica_segmento_018.csv,-4.000176056338028,8.159566844024429,-18.1696,16.453,9.087350524977168,82.57993956380282,6.544264788732394,4.75405829326928,-1.8555,18.0188,8.088786799072224,65.42847188084508,-4.0720760563380285,5.288950528436016,-14.2766,13.441,6.674938284422192,44.55480110084507,12.274406578627348,6.473187444222716,0.5421360161435504,27.570642382976864,13.876714760543758,192.56321254549297
electronica,electronica_segmento_019.csv,-3.3666859154929583,7.569584910592843,-17.0276,16.453,8.284515059570689,68.63318977225353,6.872070422535212,5.411278242587664,-3.6966,18.1289,8.74684423726557,76.5072841109859,-5.210030985915495,5.6482921024690755,-14.5017,13.441,7.684245346747725,59.047626549014076,12.929950029129397,6.0831318148195885,3.893589595732966,27.570642382976864,14.289440172107986,204.18810043225352
electronica,electronica_segmento_020.csv,-3.128678873239437,7.789416891190568,-15.1912,23.8055,8.394262742886935,70.4636469966197,6.672198591549295,5.506217778585341,-3.8235,18.1289,8.6508189363945,74.83666827028168,-6.277091549295774,6.134722349049596,-17.1592,10.2065,8.77705512220181,77.03669661816903,13.383323077552367,6.574471483467297,3.893589595732966,26.52055016378808,14.910969515261923,222.3370118850704
electronica,electronica_segmento_021.csv,-3.15635,7.6203730543341655,-15.1912,23.8055,8.248189547392943,68.03263080972222,6.3530125,4.854241653238763,-3.8235,14.6812,7.995275470751114,63.92442985319445,-6.423972222222222,6.637155983452011,-17.9182,10.2831,9.236842461607514,85.31925866055555,13.096283457550783,6.764885728743238,3.543121739370523,26.52055016378808,14.740295767842387,217.2763193234722
electronica,electronica_segmento_022.csv,-2.4534140845070427,6.471720338917137,-11.8728,15.5408,6.921156320674406,47.90240481521128,6.735197183098591,4.63344178623957,-2.1883,15.7467,8.175063539917604,66.83166388169015,-6.129122535211268,7.059915768164424,-17.9182,10.2831,9.3492541790889,87.40855370521126,12.565506432048709,6.652117746120798,2.3583916659452475,25.282617649484003,14.217686956819406,202.14262240211266
electronica,electronica_segmento_023.csv,-2.841243661971832,7.224034251176978,-13.6134,19.0483,7.762688735797232,60.25933640887323,7.085085915492957,5.181691107995039,-3.9504,17.4705,8.777719816022357,77.04836516859154,-5.107845070422535,6.554505184830404,-17.8823,15.0835,8.309730409670848,69.05161948140845,12.836383548758612,6.448765653055827,2.3583916659452475,25.282617649484003,14.36521218286988,206.35932105887323
electronica,electronica_segmento_024.csv,-3.5114478873239436,8.22812836467651,-13.6134,19.0483,8.946080854261597,80.0323626509859,6.399564788732396,5.42474053163105,-3.9504,17.4705,8.389412334645629,70.38223932070423,-4.61804647887324,6.105832686769728,-14.1018,15.0835,7.655556549321489,58.60754607985915,13.25825330872655,5.765489333368915,3.5079566260146375,25.149045947311798,14.45759828088847,209.02214805154927
electronica,electronica_segmento_025.csv,-3.6952014084507043,8.169463737231574,-12.6103,19.0004,8.966306441504091,80.39465120295776,6.192885915492958,4.968274558007568,-3.9313,15.4234,7.9394954528645165,63.03558804605634,-4.627316901408451,5.482820282417782,-14.1018,13.4003,7.174495101075204,51.4733799553521,12.720621342628371,5.752339685887281,2.926677667595118,21.443720318545473,13.960788631175754,194.90361920436618
electronica,electronica_segmento_026.csv,-3.9038458333333335,8.275624709969659,-15.7131,19.0004,9.150189977847152,83.72597663069445,6.1896708333333335,4.666946880082354,-3.4046,15.4234,7.7519299665649575,60.09241820652778,-5.2802444444444445,5.091249816457669,-13.7619,6.8187,7.334971444161638,53.801806086666666,12.65264528839286,6.12623604915766,2.926677667595118,22.62128151674878,14.05774522901482,197.62020092388892
electronica,electronica_segmento_027.csv,-3.531277464788732,8.20266804822378,-15.7131,18.7131,8.930491791759065,79.75368364267605,5.36044366197183,4.417540759537838,-4.0749,13.2471,6.946151640682206,48.249022615352104,-7.067481690140846,6.303499789314671,-22.3403,5.3822,9.470132366253715,89.68340703436618,13.252531215915479,6.485100590089574,3.5464231501613,25.99289250487525,14.754189686065256,217.68611329239437
electronica,electronica_segmento_028.csv,-3.5023478873239435,7.836193465946013,-14.3724,16.8983,8.583260963035986,73.67236875957745,5.416998591549295,4.239146806580836,-4.0749,13.2591,6.878534683244067,47.31423938859156,-5.967056338028169,6.771046081178723,-22.3403,9.4763,9.025121958990244,81.4528263746479,12.787579957961453,6.238367842758189,2.618922253523384,25.99289250487525,14.228121257664938,202.4394345228169
