timestamp,ax,ay,az
39554,-5.9831,10.0102,-9.426
39583,-4.6663,9.1267,-9.5457
39611,-5.0781,10.0461,-11.5592
39639,-4.9057,9.9359,-13.0388
39667,-6.4548,10.41,-15.7012
39695,-5.9256,10.0389,-16.1465
39723,-7.185,9.8809,-17.0204
39751,-9.7181,10.6829,-17.832
39779,-9.5888,10.0221,-15.0691
39807,-10.2256,11.0612,-14.9733
39836,-10.3956,10.6686,-12.651
39864,-10.4986,9.6774,-8.4204
39892,-9.7181,7.7069,-5.5545
39920,-8.5329,9.3709,-3.7397
39948,-4.3048,5.6048,-0.2298
39976,-2.4253,3.3471,2.7174
40004,1.4964,5.0278,-1.6113
40032,3.723,1.8747,-1.336
40060,7.9009,-1.6352,1.7861
40088,9.8713,-1.4557,0.0838
40117,10.0197,1.5323,0.0551
40145,8.3175,2.7605,5.2696
40173,7.2999,2.308,10.5297
40201,5.0637,1.2474,8.1642
40229,4.7022,0.3448,6.0214
40257,5.6168,-1.0965,4.367
40285,5.3008,1.5802,-0.6081
40313,1.5323,3.4884,-3.0215
40341,-0.4214,3.9313,-2.7222
40369,-1.0391,6.9863,-4.5586
40397,-2.9784,7.027,-5.0254
40425,-2.7533,5.6599,-4.9656
40453,-4.3981,6.7588,-8.3055
40482,-8.7867,12.1242,-13.2136
40510,-6.6511,10.7548,-11.5113
40538,-5.2984,9.1051,-10.635
40566,-10.75,12.5121,-13.9989
40594,-12.6127,14.2647,-16.2471
40622,-9.481,12.9215,-13.3189
40650,-9.4595,12.481,-11.6262
40678,-10.331,13.3429,-10.6279
40707,-8.9088,13.2328,-9.2751
40735,-9.1459,13.374,-7.7596
40763,-10.6757,12.706,-8.1259
40791,-10.1706,11.1067,-6.5888
40819,-10.2759,8.9735,-4.9153
40847,-10.9822,9.2105,-5.7341
40875,-8.8035,7.1826,-3.6895
40903,-7.5992,4.8961,-1.7071
40932,-4.7692,3.3208,-3.2298
40960,-5.023,2.296,-3.7517
40988,-3.6416,-0.8284,-2.0662
41016,0.4956,-0.1987,-5.0757
41044,4.5921,-0.9313,-3.4213
41072,5.9807,-0.8188,-0.0072
41100,8.4635,2.6217,0.8164
41128,8.5569,5.4731,5.2074
41156,4.039,3.8259,12.4498
41184,1.2354,4.4197,9.1985
41212,1.4509,4.8339,4.13
41240,2.9161,3.8044,2.5211
41268,3.3543,2.7605,0.7039
41297,1.9441,2.162,-2.3463
41325,1.7597,1.6352,-2.8204
41353,3.0981,0.6153,0.3376
41381,0.0886,1.913,-1.312
41409,-3.1675,3.7373,-5.928
41437,-4.8387,4.8507,-3.292
41465,-8.5138,7.4579,-5.7197
41493,-8.7412,10.0724,-5.8778
41521,-11.9303,10.8505,-7.9487
